"","datetime","days","crd"
"8244",1958-05-18,5,50
"8306",1958-05-25,5.9,50
"8368",1958-06-01,6.7,50
"8429",1958-06-08,6.6,50
"8491",1958-06-15,6.1,50
"8553",1958-06-22,6.5,50
"8615",1958-06-29,4.2,50
"8677",1958-07-06,2.9,50
"8739",1958-07-13,5,50
"8800",1958-07-20,4.3,50
"8862",1958-07-27,4,50
"8924",1958-08-03,5.2,50
"8986",1958-08-10,3.2,50
"9048",1958-08-17,5.1,50
"9110",1958-08-24,3.7,50
"9172",1958-08-31,6,50
"9234",1958-09-07,6.5,50
"9296",1958-09-14,4.9,50
"9358",1958-09-21,6.7,50
"9420",1958-09-28,6,50
"9482",1958-10-05,6.1,50
"9543",1958-10-12,5.3,50
"9604",1958-10-19,5.6,50
"9666",1958-10-26,6.9,50
"7893",1959-04-05,0.9,50
"7947",1959-04-12,5,50
"8003",1959-04-19,6.2,50
"8061",1959-04-26,2.8,50
"8122",1959-05-03,4.8,50
"8183",1959-05-10,3.3,50
"8245",1959-05-17,4,50
"8307",1959-05-24,2.8,50
"8369",1959-05-31,4,50
"8430",1959-06-07,4.8,50
"8492",1959-06-14,6.8,50
"8554",1959-06-21,6.9,50
"8616",1959-06-28,6.8,50
"8678",1959-07-05,2.8,50
"8740",1959-07-12,5.6,50
"8801",1959-07-19,6.6,50
"8863",1959-07-26,6.4,50
"8925",1959-08-02,6.2,50
"8987",1959-08-09,5.7,50
"9049",1959-08-16,6.8,50
"9111",1959-08-23,6.4,50
"9173",1959-08-30,6.1,50
"9235",1959-09-06,5.2,50
"9297",1959-09-13,6.9,50
"9359",1959-09-20,6.2,50
"9421",1959-09-27,4.8,50
"9483",1959-10-04,3.8,50
"9544",1959-10-11,1.4,50
"9605",1959-10-18,5.5,50
"9667",1959-10-25,6.4,50
"8004",1960-04-17,0.6,50
"8062",1960-04-24,5.8,50
"8123",1960-05-01,3.2,50
"8184",1960-05-08,5.1,50
"8246",1960-05-15,3.9,50
"8308",1960-05-22,4,50
"8370",1960-05-29,1.9,50
"8431",1960-06-05,1.9,50
"8493",1960-06-12,6.1,50
"8555",1960-06-19,6.5,50
"8617",1960-06-26,3.8,50
"8679",1960-07-03,3.7,50
"8741",1960-07-10,4.5,50
"8802",1960-07-17,6.8,50
"8864",1960-07-24,3.9,50
"8926",1960-07-31,6.9,50
"8988",1960-08-07,6.5,50
"9050",1960-08-14,6.7,50
"9112",1960-08-21,6.1,50
"9174",1960-08-28,4.4,50
"9236",1960-09-04,6,50
"9298",1960-09-11,6,50
"9360",1960-09-18,6.6,50
"9422",1960-09-25,6.1,50
"9484",1960-10-02,5.3,50
"9545",1960-10-09,4.9,50
"9606",1960-10-16,7,50
"9668",1960-10-23,5.6,50
"9728",1960-10-30,6.8,50
"7894",1961-04-02,2.6,50
"7948",1961-04-09,4.2,50
"8005",1961-04-16,2.9,50
"8063",1961-04-23,3.8,50
"8124",1961-04-30,4.5,50
"8185",1961-05-07,4.1,50
"8247",1961-05-14,6.6,50
"8309",1961-05-21,4.3,50
"8371",1961-05-28,6.2,50
"8432",1961-06-04,1.8,50
"8494",1961-06-11,3.2,50
"8556",1961-06-18,5.2,50
"8618",1961-06-25,6.8,50
"8680",1961-07-02,6.9,50
"8742",1961-07-09,4.9,50
"8803",1961-07-16,5.6,50
"8865",1961-07-23,4.6,50
"8927",1961-07-30,4.2,50
"8989",1961-08-06,4,50
"9051",1961-08-13,5.9,50
"9113",1961-08-20,6.8,50
"9175",1961-08-27,6.6,50
"9237",1961-09-03,6.7,50
"9299",1961-09-10,5.6,50
"9361",1961-09-17,3.6,50
"9423",1961-09-24,5.6,50
"9485",1961-10-01,5.2,50
"9546",1961-10-08,5.3,50
"9607",1961-10-15,4.2,50
"9669",1961-10-22,5.9,50
"9729",1961-10-29,6.9,50
"7877",1962-04-01,0.4,50
"7895",1962-04-08,2.9,50
"7949",1962-04-15,5.8,50
"8006",1962-04-22,6.5,50
"8064",1962-04-29,6.3,50
"8125",1962-05-06,3.1,50
"8186",1962-05-13,6.5,50
"8248",1962-05-20,5.6,50
"8310",1962-05-27,3.7,50
"8372",1962-06-03,1.8,50
"8433",1962-06-10,5.6,50
"8495",1962-06-17,6.5,50
"8557",1962-06-24,6.7,50
"8619",1962-07-01,5.2,50
"8681",1962-07-08,6.2,50
"8743",1962-07-15,3.9,50
"8804",1962-07-22,5.8,50
"8866",1962-07-29,6.5,50
"8928",1962-08-05,6.2,50
"8990",1962-08-12,6.7,50
"9052",1962-08-19,6,50
"9114",1962-08-26,5.9,50
"9176",1962-09-02,5.6,50
"9238",1962-09-09,5.9,50
"9300",1962-09-16,6.8,50
"9362",1962-09-23,6.9,50
"9424",1962-09-30,2.4,50
"9486",1962-10-07,4.3,50
"9547",1962-10-14,4.7,50
"9608",1962-10-21,5.2,50
"9670",1962-10-28,6.2,50
"7878",1963-03-31,5.8,50
"7896",1963-04-07,6.9,50
"7950",1963-04-14,5.3,50
"8007",1963-04-21,3.6,50
"8065",1963-04-28,1.8,50
"8126",1963-05-05,5.3,50
"8187",1963-05-12,3.2,50
"8249",1963-05-19,6.7,50
"8311",1963-05-26,5,50
"8373",1963-06-02,5.4,50
"8434",1963-06-09,6.6,50
"8496",1963-06-16,6.7,50
"8558",1963-06-23,6.6,50
"8620",1963-06-30,4.8,50
"8682",1963-07-07,6.3,50
"8744",1963-07-14,4.6,50
"8805",1963-07-21,7,50
"8867",1963-07-28,6.4,50
"8929",1963-08-04,4.2,50
"8991",1963-08-11,6.6,50
"9053",1963-08-18,6.8,50
"9115",1963-08-25,5.5,50
"9177",1963-09-01,5.3,50
"9239",1963-09-08,5.6,50
"9301",1963-09-15,5.9,50
"9363",1963-09-22,5.4,50
"9425",1963-09-29,7,50
"9487",1963-10-06,7,50
"9548",1963-10-13,6.4,50
"9609",1963-10-20,6.4,50
"9671",1963-10-27,7,50
"7879",1964-03-29,1.2,50
"7897",1964-04-05,3,50
"7951",1964-04-12,5.2,50
"8008",1964-04-19,3.9,50
"8066",1964-04-26,1.6,50
"8127",1964-05-03,4.6,50
"8188",1964-05-10,4.2,50
"8250",1964-05-17,6.6,50
"8312",1964-05-24,5.1,50
"8374",1964-05-31,6.9,50
"8435",1964-06-07,5.3,50
"8497",1964-06-14,3.8,50
"8559",1964-06-21,4,50
"8621",1964-06-28,6.2,50
"8683",1964-07-05,5.5,50
"8745",1964-07-12,5.1,50
"8806",1964-07-19,6.4,50
"8868",1964-07-26,5.7,50
"8930",1964-08-02,5.9,50
"8992",1964-08-09,6.5,50
"9054",1964-08-16,6.1,50
"9116",1964-08-23,5.9,50
"9178",1964-08-30,5.6,50
"9240",1964-09-06,4,50
"9302",1964-09-13,5.4,50
"9364",1964-09-20,2.8,50
"9426",1964-09-27,6.4,50
"9488",1964-10-04,6.8,50
"9549",1964-10-11,6.4,50
"9610",1964-10-18,6.9,50
"9672",1964-10-25,6.7,50
"7898",1965-04-04,0.2,50
"7952",1965-04-11,5.7,50
"8009",1965-04-18,2.2,50
"8067",1965-04-25,5.9,50
"8128",1965-05-02,6.2,50
"8189",1965-05-09,6.4,50
"8251",1965-05-16,3.2,50
"8313",1965-05-23,2.5,50
"8375",1965-05-30,4.5,50
"8436",1965-06-06,6.9,50
"8498",1965-06-13,5.5,50
"8560",1965-06-20,3.5,50
"8622",1965-06-27,4.5,50
"8684",1965-07-04,5.6,50
"8746",1965-07-11,5.2,50
"8807",1965-07-18,6.9,50
"8869",1965-07-25,6.4,50
"8931",1965-08-01,6.9,50
"8993",1965-08-08,6.3,50
"9055",1965-08-15,6.6,50
"9117",1965-08-22,4.3,50
"9179",1965-08-29,0.7,50
"9241",1965-09-05,0.8,50
"9303",1965-09-12,1.9,50
"9365",1965-09-19,1,50
"9427",1965-09-26,6.2,50
"9489",1965-10-03,6.6,50
"9550",1965-10-10,4.6,50
"9611",1965-10-17,6.9,50
"9673",1965-10-24,7,50
"9730",1965-10-31,5.2,50
"7875",1966-03-20,2.9,50
"7880",1966-03-27,4.8,50
"7899",1966-04-03,5.7,50
"7953",1966-04-10,4.6,50
"8010",1966-04-17,5.2,50
"8068",1966-04-24,6.8,50
"8129",1966-05-01,3.2,50
"8190",1966-05-08,3.1,50
"8252",1966-05-15,3.5,50
"8314",1966-05-22,5.6,50
"8376",1966-05-29,3.3,50
"8437",1966-06-05,2,50
"8499",1966-06-12,6.7,50
"8561",1966-06-19,5.7,50
"8623",1966-06-26,5.9,50
"8685",1966-07-03,6.2,50
"8747",1966-07-10,6.8,50
"8808",1966-07-17,5.6,50
"8870",1966-07-24,6.5,50
"8932",1966-07-31,6.4,50
"8994",1966-08-07,6.6,50
"9056",1966-08-14,5.8,50
"9118",1966-08-21,6.6,50
"9180",1966-08-28,6.8,50
"9242",1966-09-04,6.8,50
"9304",1966-09-11,6.8,50
"9366",1966-09-18,6.2,50
"9428",1966-09-25,6.5,50
"9490",1966-10-02,5.7,50
"9551",1966-10-09,5.8,50
"9612",1966-10-16,6.9,50
"9674",1966-10-23,6.9,50
"9731",1966-10-30,6.1,50
"7900",1967-04-02,4.2,50
"7954",1967-04-09,6.3,50
"8011",1967-04-16,3.6,50
"8069",1967-04-23,4.8,50
"8130",1967-04-30,3.2,50
"8191",1967-05-07,6,50
"8253",1967-05-14,5.4,50
"8315",1967-05-21,6.8,50
"8377",1967-05-28,6.9,50
"8438",1967-06-04,3.1,50
"8500",1967-06-11,1.5,50
"8562",1967-06-18,0.7,50
"8624",1967-06-25,3.9,50
"8686",1967-07-02,3.9,50
"8748",1967-07-09,6.7,50
"8809",1967-07-16,6.5,50
"8871",1967-07-23,6.7,50
"8933",1967-07-30,6.3,50
"8995",1967-08-06,6.2,50
"9057",1967-08-13,5.8,50
"9119",1967-08-20,6.6,50
"9181",1967-08-27,6.3,50
"9243",1967-09-03,6.9,50
"9305",1967-09-10,6.9,50
"9367",1967-09-17,4.9,50
"9429",1967-09-24,5.4,50
"9491",1967-10-01,5.5,50
"9552",1967-10-08,6.4,50
"9613",1967-10-15,3.8,50
"9675",1967-10-22,6.5,50
"9732",1967-10-29,5.2,50
"7881",1968-03-31,4,50
"7901",1968-04-07,6.5,50
"7955",1968-04-14,3.7,50
"8012",1968-04-21,2.1,50
"8070",1968-04-28,6.9,50
"8131",1968-05-05,5.7,50
"8192",1968-05-12,5.8,50
"8254",1968-05-19,6.1,50
"8316",1968-05-26,4.7,50
"8378",1968-06-02,6.9,50
"8439",1968-06-09,5.2,50
"8501",1968-06-16,6.5,50
"8563",1968-06-23,3.1,50
"8625",1968-06-30,6.2,50
"8687",1968-07-07,6.4,50
"8749",1968-07-14,3.9,50
"8810",1968-07-21,5.3,50
"8872",1968-07-28,6.7,50
"8934",1968-08-04,3.2,50
"8996",1968-08-11,5.1,50
"9058",1968-08-18,6,50
"9120",1968-08-25,5.2,50
"9182",1968-09-01,4.3,50
"9244",1968-09-08,6,50
"9306",1968-09-15,3.2,50
"9368",1968-09-22,6,50
"9430",1968-09-29,5.1,50
"9492",1968-10-06,1.7,50
"9553",1968-10-13,2.3,50
"9614",1968-10-20,5.1,50
"9676",1968-10-27,5.9,50
"7956",1969-04-13,1.4,50
"8013",1969-04-20,1.3,50
"8071",1969-04-27,5.4,50
"8132",1969-05-04,3.8,50
"8193",1969-05-11,2.8,50
"8255",1969-05-18,5.4,50
"8317",1969-05-25,1.5,50
"8379",1969-06-01,6,50
"8440",1969-06-08,6.4,50
"8502",1969-06-15,3.3,50
"8564",1969-06-22,6,50
"8626",1969-06-29,2.2,50
"8688",1969-07-06,2.3,50
"8750",1969-07-13,0.9,50
"8811",1969-07-20,4.4,50
"8873",1969-07-27,4.6,50
"8935",1969-08-03,5.5,50
"8997",1969-08-10,6.3,50
"9059",1969-08-17,6.4,50
"9121",1969-08-24,5.2,50
"9183",1969-08-31,6.8,50
"9245",1969-09-07,5.1,50
"9307",1969-09-14,5.3,50
"9369",1969-09-21,6.3,50
"9431",1969-09-28,6.2,50
"9493",1969-10-05,5.7,50
"9554",1969-10-12,5.6,50
"9615",1969-10-19,2.8,50
"9677",1969-10-26,4.6,50
"7902",1970-04-05,0.2,50
"7957",1970-04-12,5.4,50
"8014",1970-04-19,2.5,50
"8072",1970-04-26,3.2,50
"8133",1970-05-03,6,50
"8194",1970-05-10,6.9,50
"8256",1970-05-17,2.5,50
"8318",1970-05-24,5.7,50
"8380",1970-05-31,4.5,50
"8441",1970-06-07,4.4,50
"8503",1970-06-14,5.6,50
"8565",1970-06-21,5.6,50
"8627",1970-06-28,6.2,50
"8689",1970-07-05,6.8,50
"8751",1970-07-12,6.9,50
"8812",1970-07-19,5.8,50
"8874",1970-07-26,6.3,50
"8936",1970-08-02,5.7,50
"8998",1970-08-09,2.9,50
"9060",1970-08-16,5.3,50
"9122",1970-08-23,5.8,50
"9184",1970-08-30,6.9,50
"9246",1970-09-06,6.9,50
"9308",1970-09-13,5.6,50
"9370",1970-09-20,1,50
"9432",1970-09-27,1.4,50
"9494",1970-10-04,5.6,50
"9555",1970-10-11,4.4,50
"9616",1970-10-18,4.6,50
"9678",1970-10-25,4.9,50
"7903",1971-04-04,1.1,50
"7958",1971-04-11,5.7,50
"8015",1971-04-18,6.6,50
"8073",1971-04-25,6.4,50
"8134",1971-05-02,5,50
"8195",1971-05-09,5.8,50
"8257",1971-05-16,6.5,50
"8319",1971-05-23,4,50
"8381",1971-05-30,4.2,50
"8442",1971-06-06,6.5,50
"8504",1971-06-13,6.1,50
"8566",1971-06-20,5.6,50
"8628",1971-06-27,6.8,50
"8690",1971-07-04,5.1,50
"8752",1971-07-11,2.9,50
"8813",1971-07-18,5.3,50
"8875",1971-07-25,6.3,50
"8937",1971-08-01,6.2,50
"8999",1971-08-08,6.7,50
"9061",1971-08-15,6.8,50
"9123",1971-08-22,6.3,50
"9185",1971-08-29,6.8,50
"9247",1971-09-05,6.9,50
"9309",1971-09-12,5.7,50
"9371",1971-09-19,6.9,50
"9433",1971-09-26,5.8,50
"9495",1971-10-03,5.2,50
"9556",1971-10-10,6.4,50
"9617",1971-10-17,6.9,50
"9679",1971-10-24,4.1,50
"9733",1971-10-31,4.4,50
"7904",1972-04-02,1,50
"7959",1972-04-09,2.4,50
"8016",1972-04-16,5.5,50
"8074",1972-04-23,3.5,50
"8135",1972-04-30,5,50
"8196",1972-05-07,2.4,50
"8258",1972-05-14,3.2,50
"8320",1972-05-21,5.7,50
"8382",1972-05-28,5.5,50
"8443",1972-06-04,4.1,50
"8505",1972-06-11,4.1,50
"8567",1972-06-18,3.2,50
"8629",1972-06-25,4,50
"8691",1972-07-02,5.4,50
"8753",1972-07-09,6.5,50
"8814",1972-07-16,4,50
"8876",1972-07-23,3,50
"8938",1972-07-30,3.9,50
"9000",1972-08-06,2.4,50
"9062",1972-08-13,2.5,50
"9124",1972-08-20,6.6,50
"9186",1972-08-27,5.7,50
"9248",1972-09-03,6.2,50
"9310",1972-09-10,5.6,50
"9372",1972-09-17,2,50
"9434",1972-09-24,5.7,50
"9496",1972-10-01,4.1,50
"9557",1972-10-08,3.6,50
"9618",1972-10-15,5.2,50
"9680",1972-10-22,6,50
"9734",1972-10-29,3.2,50
"7905",1973-04-03,1.6,50
"7960",1973-04-10,0.3,50
"8017",1973-04-17,0.2,50
"8075",1973-04-24,4.7,50
"8136",1973-05-01,2.1,50
"8197",1973-05-08,1.2,50
"8259",1973-05-15,6.5,50
"8321",1973-05-22,6.4,50
"8383",1973-05-29,2.7,50
"8444",1973-06-05,4.6,50
"8506",1973-06-12,5.7,50
"8568",1973-06-19,5.2,50
"8630",1973-06-26,6.2,50
"8692",1973-07-03,3.4,50
"8754",1973-07-10,6.4,50
"8815",1973-07-17,5.9,50
"8877",1973-07-24,3.4,50
"8939",1973-07-31,5.4,50
"9001",1973-08-07,5.8,50
"9063",1973-08-14,6,50
"9125",1973-08-21,4.7,50
"9187",1973-08-28,6.4,50
"9249",1973-09-04,5.4,50
"9311",1973-09-11,4,50
"9373",1973-09-18,2.7,50
"9435",1973-09-25,1.8,50
"9497",1973-10-02,1.9,50
"9558",1973-10-09,0.7,50
"9619",1973-10-16,6.4,50
"9681",1973-10-23,7,50
"9735",1973-10-30,6.1,50
"7906",1974-04-07,2.7,50
"7961",1974-04-14,4.7,50
"8018",1974-04-21,4.9,50
"8076",1974-04-28,4.4,50
"8137",1974-05-05,5.4,50
"8198",1974-05-12,3,50
"8260",1974-05-19,0.8,50
"8322",1974-05-26,2,50
"8384",1974-06-02,1.6,50
"8445",1974-06-09,5.9,50
"8507",1974-06-16,3.3,50
"8569",1974-06-23,4.5,50
"8631",1974-06-30,4.6,50
"8693",1974-07-07,5.8,50
"8755",1974-07-14,5.3,50
"8816",1974-07-21,6.9,50
"8878",1974-07-28,6.7,50
"8940",1974-08-04,4.5,50
"9002",1974-08-11,5.7,50
"9064",1974-08-18,3.6,50
"9126",1974-08-25,5.5,50
"9188",1974-09-01,6.3,50
"9250",1974-09-08,5.8,50
"9312",1974-09-15,4.9,50
"9374",1974-09-22,6.8,50
"9436",1974-09-29,7,50
"9498",1974-10-06,6,50
"9559",1974-10-13,5.3,50
"9620",1974-10-20,4.4,50
"9682",1974-10-27,6.8,50
"7907",1975-04-06,0.1,50
"8019",1975-04-20,0.5,50
"8077",1975-04-27,1.2,50
"8138",1975-05-04,3.7,50
"8199",1975-05-11,4.6,50
"8261",1975-05-18,5.9,50
"8323",1975-05-25,6.2,50
"8385",1975-06-01,3.9,50
"8446",1975-06-08,4.2,50
"8508",1975-06-15,2.6,50
"8570",1975-06-22,0.9,50
"8632",1975-06-29,2.4,50
"8694",1975-07-06,6.4,50
"8756",1975-07-13,6.4,50
"8817",1975-07-20,6.9,50
"8879",1975-07-27,6.6,50
"8941",1975-08-03,6.9,50
"9003",1975-08-10,6.9,50
"9065",1975-08-17,5.5,50
"9127",1975-08-24,5.1,50
"9189",1975-08-31,3.5,50
"9251",1975-09-07,4.4,50
"9313",1975-09-14,5.8,50
"9375",1975-09-21,5.1,50
"9437",1975-09-28,7,50
"9499",1975-10-05,5.9,50
"9560",1975-10-12,6.9,50
"9621",1975-10-19,6.9,50
"9683",1975-10-26,6.5,50
"7882",1976-03-30,4.9,50
"7908",1976-04-06,3.1,50
"7962",1976-04-13,6.9,50
"8020",1976-04-20,5.7,50
"8078",1976-04-27,0.1,50
"8139",1976-05-04,2.3,50
"8200",1976-05-11,5.9,50
"8262",1976-05-18,5.1,50
"8324",1976-05-25,4.4,50
"8386",1976-06-01,4.1,50
"8447",1976-06-08,6,50
"8509",1976-06-15,5.5,50
"8571",1976-06-22,3.2,50
"8633",1976-06-29,5.7,50
"8695",1976-07-06,5,50
"8757",1976-07-13,6.9,50
"8818",1976-07-20,6.8,50
"8880",1976-07-27,5.2,50
"8942",1976-08-03,4.8,50
"9004",1976-08-10,6.9,50
"9066",1976-08-17,6.1,50
"9128",1976-08-24,6.4,50
"9190",1976-08-31,7,50
"9252",1976-09-07,7,50
"9314",1976-09-14,7,50
"9376",1976-09-21,7,50
"9438",1976-09-28,6.4,50
"9500",1976-10-05,6.2,50
"9561",1976-10-12,5.1,50
"9622",1976-10-19,7,50
"9684",1976-10-26,5.9,50
"7876",1977-03-19,3.3,50
"7883",1977-03-26,2.5,50
"7909",1977-04-02,2.3,50
"7963",1977-04-09,6.5,50
"8021",1977-04-16,4.3,50
"8079",1977-04-23,6.7,50
"8140",1977-04-30,4.6,50
"8201",1977-05-07,6.8,50
"8263",1977-05-14,5.9,50
"8325",1977-05-21,5.9,50
"8387",1977-05-28,6.5,50
"8448",1977-06-04,6.5,50
"8510",1977-06-11,6.5,50
"8572",1977-06-18,5.7,50
"8634",1977-06-25,6.4,50
"8696",1977-07-02,6,50
"8758",1977-07-09,6.8,50
"8819",1977-07-16,5.3,50
"8881",1977-07-23,6.3,50
"8943",1977-07-30,6.1,50
"9005",1977-08-06,3.5,50
"9067",1977-08-13,4.3,50
"9129",1977-08-20,5.6,50
"9191",1977-08-27,3.1,50
"9253",1977-09-03,3.2,50
"9315",1977-09-10,4.9,50
"9377",1977-09-17,4,50
"9439",1977-09-24,5.7,50
"9501",1977-10-01,4.7,50
"9562",1977-10-08,4.2,50
"9623",1977-10-15,6.8,50
"9685",1977-10-22,2.4,50
"9736",1977-10-29,2.3,50
"7910",1978-04-08,3.4,50
"7964",1978-04-15,2.1,50
"8022",1978-04-22,1.3,50
"8080",1978-04-29,2.4,50
"8141",1978-05-06,6.3,50
"8202",1978-05-13,3.7,50
"8264",1978-05-20,5.4,50
"8326",1978-05-27,5.8,50
"8388",1978-06-03,5.6,50
"8449",1978-06-10,6.8,50
"8511",1978-06-17,5.2,50
"8573",1978-06-24,3.9,50
"8635",1978-07-01,3.3,50
"8697",1978-07-08,3.6,50
"8759",1978-07-15,5.3,50
"8820",1978-07-22,2.6,50
"8882",1978-07-29,5.3,50
"8944",1978-08-05,6.8,50
"9006",1978-08-12,6.7,50
"9068",1978-08-19,6.6,50
"9130",1978-08-26,5.4,50
"9192",1978-09-02,5,50
"9254",1978-09-09,7,50
"9316",1978-09-16,4,50
"9378",1978-09-23,1.9,50
"9440",1978-09-30,6.3,50
"9502",1978-10-07,5.3,50
"9563",1978-10-14,4.4,50
"9624",1978-10-21,6.7,50
"9686",1978-10-28,6.2,50
"7911",1979-04-07,0.1,50
"7965",1979-04-14,0.2,50
"8023",1979-04-21,2.1,50
"8081",1979-04-28,1.4,50
"8142",1979-05-05,2.1,50
"8203",1979-05-12,5.5,50
"8265",1979-05-19,5.9,50
"8327",1979-05-26,6.1,50
"8389",1979-06-02,6.8,50
"8450",1979-06-09,6.1,50
"8512",1979-06-16,4.3,50
"8574",1979-06-23,4.6,50
"8636",1979-06-30,3.7,50
"8698",1979-07-07,4.8,50
"8760",1979-07-14,5.2,50
"8821",1979-07-21,6.6,50
"8883",1979-07-28,5.4,50
"8945",1979-08-04,4.1,50
"9007",1979-08-11,5.8,50
"9069",1979-08-18,6.1,50
"9131",1979-08-25,1.7,50
"9193",1979-09-01,4.4,50
"9255",1979-09-08,5.6,50
"9317",1979-09-15,6.4,50
"9379",1979-09-22,7,50
"9441",1979-09-29,6.1,50
"9503",1979-10-06,6.5,50
"9564",1979-10-13,6.9,50
"9625",1979-10-20,6.2,50
"9687",1979-10-27,4.1,50
"7884",1980-03-29,0.6,50
"7912",1980-04-05,2.3,50
"7966",1980-04-12,5.6,50
"8024",1980-04-19,7,50
"8082",1980-04-26,7,50
"8143",1980-05-03,7,50
"8204",1980-05-10,6.4,50
"8266",1980-05-17,4.8,50
"8328",1980-05-24,5.5,50
"8390",1980-05-31,1.9,50
"8451",1980-06-07,6.2,50
"8513",1980-06-14,3.6,50
"8575",1980-06-21,6.5,50
"8637",1980-06-28,6.8,50
"8699",1980-07-05,6.5,50
"8761",1980-07-12,6.4,50
"8822",1980-07-19,7,50
"8884",1980-07-26,6.9,50
"8946",1980-08-02,6.3,50
"9008",1980-08-09,4.4,50
"9070",1980-08-16,6.6,50
"9132",1980-08-23,4.5,50
"9194",1980-08-30,6.4,50
"9256",1980-09-06,6,50
"9318",1980-09-13,6.3,50
"9380",1980-09-20,6.4,50
"9442",1980-09-27,7,50
"9504",1980-10-04,5.6,50
"9565",1980-10-11,5.4,50
"9626",1980-10-18,5.1,50
"9688",1980-10-25,6.9,50
"7885",1981-03-28,6.3,50
"7913",1981-04-04,4.6,50
"7967",1981-04-11,3.3,50
"8025",1981-04-18,3.9,50
"8083",1981-04-25,6.4,50
"8144",1981-05-02,6.3,50
"8205",1981-05-09,6.2,50
"8267",1981-05-16,6.2,50
"8329",1981-05-23,6.5,50
"8391",1981-05-30,6.1,50
"8452",1981-06-06,4.8,50
"8514",1981-06-13,4.5,50
"8576",1981-06-20,5,50
"8638",1981-06-27,5.8,50
"8700",1981-07-04,6.1,50
"8762",1981-07-11,5.4,50
"8823",1981-07-18,3.6,50
"8885",1981-07-25,4.9,50
"8947",1981-08-01,5.7,50
"9009",1981-08-08,6.9,50
"9071",1981-08-15,3.3,50
"9133",1981-08-22,5,50
"9195",1981-08-29,5.8,50
"9257",1981-09-05,6.9,50
"9319",1981-09-12,5.7,50
"9381",1981-09-19,6.1,50
"9443",1981-09-26,5.2,50
"9505",1981-10-03,4.6,50
"9566",1981-10-10,5.5,50
"9627",1981-10-17,6,50
"9689",1981-10-24,1,50
"9737",1981-10-31,6.7,50
"8026",1982-04-17,1.4,50
"8084",1982-04-24,2.6,50
"8145",1982-05-01,6.5,50
"8206",1982-05-08,3.9,50
"8268",1982-05-15,2.7,50
"8330",1982-05-22,0.5,50
"8453",1982-06-05,3.3,50
"8515",1982-06-12,4.5,50
"8577",1982-06-19,3.2,50
"8639",1982-06-26,6.7,50
"8701",1982-07-03,6.2,50
"8763",1982-07-10,4.4,50
"8824",1982-07-17,3.7,50
"8886",1982-07-24,4.2,50
"8948",1982-07-31,6.8,50
"9010",1982-08-07,4.4,50
"9072",1982-08-14,6.4,50
"9134",1982-08-21,6.6,50
"9196",1982-08-28,6.6,50
"9258",1982-09-04,3.9,50
"9320",1982-09-11,5.8,50
"9382",1982-09-18,3.1,50
"9444",1982-09-25,6.3,50
"9506",1982-10-02,5.8,50
"9567",1982-10-09,3.9,50
"9628",1982-10-16,5,50
"9690",1982-10-23,4.7,50
"9738",1982-10-30,5.3,50
"7968",1983-04-09,0.1,50
"8085",1983-04-23,1.6,50
"8146",1983-04-30,6,50
"8207",1983-05-07,2.6,50
"8269",1983-05-14,3.7,50
"8331",1983-05-21,2.3,50
"8392",1983-05-28,3.8,50
"8454",1983-06-04,4.6,50
"8516",1983-06-11,6.4,50
"8578",1983-06-18,5.4,50
"8640",1983-06-25,5.6,50
"8702",1983-07-02,1.4,50
"8764",1983-07-09,4.3,50
"8825",1983-07-16,6.8,50
"8887",1983-07-23,6.6,50
"8949",1983-07-30,6.1,50
"9011",1983-08-06,6.7,50
"9073",1983-08-13,6.9,50
"9135",1983-08-20,7,50
"9197",1983-08-27,6,50
"9259",1983-09-03,4.8,50
"9321",1983-09-10,5.5,50
"9383",1983-09-17,4.6,50
"9445",1983-09-24,3.8,50
"9507",1983-10-01,6.9,50
"9568",1983-10-08,5.9,50
"9629",1983-10-15,3.2,50
"9691",1983-10-22,2.3,50
"9739",1983-10-29,4.6,50
"7914",1984-04-07,0.6,50
"7969",1984-04-14,0.2,50
"8027",1984-04-21,3.4,50
"8086",1984-04-28,2.7,50
"8147",1984-05-05,1,50
"8208",1984-05-12,3.9,50
"8270",1984-05-19,6.6,50
"8332",1984-05-26,3.6,50
"8393",1984-06-02,3.1,50
"8455",1984-06-09,5,50
"8517",1984-06-16,1.5,50
"8579",1984-06-23,3,50
"8641",1984-06-30,5.2,50
"8703",1984-07-07,6.7,50
"8765",1984-07-14,5.5,50
"8826",1984-07-21,4,50
"8888",1984-07-28,4.7,50
"8950",1984-08-04,6.6,50
"9012",1984-08-11,6.7,50
"9074",1984-08-18,6.9,50
"9136",1984-08-25,6.5,50
"9198",1984-09-01,7,50
"9260",1984-09-08,6.6,50
"9322",1984-09-15,4.9,50
"9384",1984-09-22,7,50
"9446",1984-09-29,5.5,50
"9508",1984-10-06,6.5,50
"9569",1984-10-13,3.8,50
"9630",1984-10-20,1.8,50
"9692",1984-10-27,4.9,50
"7886",1985-03-30,0.6,50
"7915",1985-04-06,4.7,50
"7970",1985-04-13,7,50
"8028",1985-04-20,4.2,50
"8087",1985-04-27,6.4,50
"8148",1985-05-04,5.6,50
"8209",1985-05-11,4,50
"8271",1985-05-18,6.3,50
"8333",1985-05-25,6.7,50
"8394",1985-06-01,6.8,50
"8456",1985-06-08,4.1,50
"8518",1985-06-15,6.1,50
"8580",1985-06-22,4.9,50
"8642",1985-06-29,6.8,50
"8704",1985-07-06,6.7,50
"8766",1985-07-13,6.4,50
"8827",1985-07-20,5.9,50
"8889",1985-07-27,5.3,50
"8951",1985-08-03,6.8,50
"9013",1985-08-10,5.2,50
"9075",1985-08-17,4.9,50
"9137",1985-08-24,4.8,50
"9199",1985-08-31,5.5,50
"9261",1985-09-07,5.8,50
"9323",1985-09-14,6.4,50
"9385",1985-09-21,1.5,50
"9447",1985-09-28,2.9,50
"9509",1985-10-05,3.4,50
"9570",1985-10-12,3.7,50
"9631",1985-10-19,3.5,50
"9693",1985-10-26,6,50
"8088",1986-04-29,3.5,50
"8149",1986-05-06,4.7,50
"8210",1986-05-13,2.9,50
"8272",1986-05-20,5.2,50
"8334",1986-05-27,2.2,50
"8395",1986-06-03,5.8,50
"8457",1986-06-10,1.2,50
"8519",1986-06-17,3.7,50
"8581",1986-06-24,1.1,50
"8643",1986-07-01,4.3,50
"8705",1986-07-08,4.6,50
"8767",1986-07-15,5.1,50
"8828",1986-07-22,5,50
"8890",1986-07-29,1.3,50
"8952",1986-08-05,0.7,50
"9014",1986-08-12,5.2,50
"9076",1986-08-19,6.3,50
"9138",1986-08-26,5.2,50
"9200",1986-09-02,4.9,50
"9262",1986-09-09,3.7,50
"9324",1986-09-16,6.7,50
"9386",1986-09-23,5.9,50
"9448",1986-09-30,6,50
"9510",1986-10-07,4.4,50
"9571",1986-10-14,2.3,50
"9632",1986-10-21,1,50
"9694",1986-10-28,1,50
"7887",1987-03-30,0.7,50
"7916",1987-04-06,6,50
"7971",1987-04-13,1.4,50
"8029",1987-04-20,2.9,50
"8089",1987-04-27,6.8,50
"8150",1987-05-04,5.2,50
"8211",1987-05-11,6.8,50
"8273",1987-05-18,4.7,50
"8335",1987-05-25,1.8,50
"8396",1987-06-01,5,50
"8458",1987-06-08,6,50
"8520",1987-06-15,6.7,50
"8582",1987-06-22,4.4,50
"8644",1987-06-29,6.8,50
"8706",1987-07-06,3.8,50
"8768",1987-07-13,3.2,50
"8829",1987-07-20,6.4,50
"8891",1987-07-27,7,50
"8953",1987-08-03,6.7,50
"9015",1987-08-10,3.1,50
"9077",1987-08-17,2.1,50
"9139",1987-08-24,1.3,50
"9201",1987-08-31,5.7,50
"9263",1987-09-07,5,50
"9325",1987-09-14,3,50
"9387",1987-09-21,6.2,50
"9449",1987-09-28,6.9,50
"9511",1987-10-05,7,50
"9572",1987-10-12,6.3,50
"9633",1987-10-19,6.7,50
"9695",1987-10-26,6.8,50
"7917",1988-04-04,3.9,50
"7972",1988-04-11,4.9,50
"8030",1988-04-18,5,50
"8090",1988-04-25,6.4,50
"8151",1988-05-02,5,50
"8212",1988-05-09,6.9,50
"8274",1988-05-16,4.7,50
"8336",1988-05-23,6.8,50
"8397",1988-05-30,5.8,50
"8459",1988-06-06,6.9,50
"8521",1988-06-13,6.4,50
"8583",1988-06-20,6.8,50
"8645",1988-06-27,6.9,50
"8707",1988-07-04,6.6,50
"8769",1988-07-11,7,50
"8830",1988-07-18,6.2,50
"8892",1988-07-25,5.4,50
"8954",1988-08-01,7,50
"9016",1988-08-08,7,50
"9078",1988-08-15,6.9,50
"9140",1988-08-22,6.9,50
"9202",1988-08-29,5,50
"9264",1988-09-05,6.8,50
"9326",1988-09-12,6.7,50
"9388",1988-09-19,6.5,50
"9450",1988-09-26,4.4,50
"9512",1988-10-03,4.6,50
"9573",1988-10-10,6.6,50
"9634",1988-10-17,7,50
"9696",1988-10-24,5.6,50
"9740",1988-10-31,6.8,50
"7918",1989-04-03,3.4,50
"7973",1989-04-10,6.1,50
"8031",1989-04-17,5.1,50
"8091",1989-04-24,6.8,50
"8152",1989-05-01,5,50
"8213",1989-05-08,3.2,50
"8275",1989-05-15,6.7,50
"8337",1989-05-22,5.2,50
"8398",1989-05-29,4.2,50
"8460",1989-06-05,4.5,50
"8522",1989-06-12,5.5,50
"8584",1989-06-19,6.1,50
"8646",1989-06-26,6.3,50
"8708",1989-07-03,4.6,50
"8770",1989-07-10,7,50
"8831",1989-07-17,5.5,50
"8893",1989-07-24,3.5,50
"8955",1989-07-31,6.2,50
"9017",1989-08-07,6.6,50
"9079",1989-08-14,6.6,50
"9141",1989-08-21,6.1,50
"9203",1989-08-28,4.5,50
"9265",1989-09-04,3.7,50
"9327",1989-09-11,2.6,50
"9389",1989-09-18,4,50
"9451",1989-09-25,6.7,50
"9513",1989-10-02,7,50
"9574",1989-10-09,5.6,50
"9635",1989-10-16,7,50
"9697",1989-10-23,6,50
"9741",1989-10-30,6.9,50
"7888",1990-04-01,3.9,50
"7919",1990-04-08,6,50
"7974",1990-04-15,4.8,50
"8032",1990-04-22,4.1,50
"8092",1990-04-29,6.1,50
"8153",1990-05-06,4.1,50
"8214",1990-05-13,3.8,50
"8276",1990-05-20,2.4,50
"8338",1990-05-27,0.5,50
"8399",1990-06-03,3.3,50
"8461",1990-06-10,3.4,50
"8523",1990-06-17,3.2,50
"8585",1990-06-24,0.6,50
"8647",1990-07-01,3.5,50
"8709",1990-07-08,5.2,50
"8771",1990-07-15,2.5,50
"8832",1990-07-22,3.4,50
"8894",1990-07-29,3.9,50
"8956",1990-08-05,4.3,50
"9018",1990-08-12,6.4,50
"9080",1990-08-19,6.1,50
"9142",1990-08-26,4.1,50
"9204",1990-09-02,4.9,50
"9266",1990-09-09,6.6,50
"9328",1990-09-16,6.8,50
"9390",1990-09-23,5,50
"9452",1990-09-30,6.8,50
"9514",1990-10-07,5.5,50
"9575",1990-10-14,5.7,50
"9636",1990-10-21,6.5,50
"9698",1990-10-28,6.2,50
"7889",1991-03-31,0.8,50
"7920",1991-04-07,4.2,50
"7975",1991-04-14,3,50
"8033",1991-04-21,0.3,50
"8093",1991-04-28,0.8,50
"8154",1991-05-05,0.9,50
"8215",1991-05-12,1.4,50
"8277",1991-05-19,3.6,50
"8339",1991-05-26,0.8,50
"8400",1991-06-02,3.4,50
"8462",1991-06-09,2.8,50
"8524",1991-06-16,5.3,50
"8586",1991-06-23,5.9,50
"8648",1991-06-30,6.9,50
"8710",1991-07-07,7,50
"8772",1991-07-14,6.8,50
"8833",1991-07-21,6.8,50
"8895",1991-07-28,6.5,50
"8957",1991-08-04,6.2,50
"9019",1991-08-11,4.1,50
"9081",1991-08-18,6.2,50
"9143",1991-08-25,6,50
"9205",1991-09-01,6.6,50
"9267",1991-09-08,6.2,50
"9329",1991-09-15,4.7,50
"9391",1991-09-22,5.3,50
"9453",1991-09-29,6.4,50
"9515",1991-10-06,5.7,50
"9576",1991-10-13,5.9,50
"9637",1991-10-20,6.8,50
"9699",1991-10-27,5.6,50
"7921",1992-04-05,2.7,50
"7976",1992-04-12,4.5,50
"8034",1992-04-19,3.1,50
"8094",1992-04-26,0.1,50
"8155",1992-05-03,3.3,50
"8216",1992-05-10,7,50
"8278",1992-05-17,6.5,50
"8340",1992-05-24,5,50
"8401",1992-05-31,4.6,50
"8463",1992-06-07,7,50
"8525",1992-06-14,6.5,50
"8587",1992-06-21,5.3,50
"8649",1992-06-28,6.3,50
"8711",1992-07-05,5.8,50
"8773",1992-07-12,3.8,50
"8834",1992-07-19,1.3,50
"8896",1992-07-26,2.2,50
"8958",1992-08-02,1.3,50
"9020",1992-08-09,3.8,50
"9082",1992-08-16,4.2,50
"9144",1992-08-23,6.2,50
"9206",1992-08-30,5.1,50
"9268",1992-09-06,4.8,50
"9330",1992-09-13,3,50
"9392",1992-09-20,2.4,50
"9454",1992-09-27,5.3,50
"9516",1992-10-04,5.9,50
"9577",1992-10-11,4.5,50
"9638",1992-10-18,5.4,50
"9700",1992-10-25,6.6,50
"8095",1993-04-25,0.5,50
"8156",1993-05-02,2.8,50
"8217",1993-05-09,0.5,50
"8279",1993-05-16,1.9,50
"8341",1993-05-23,6,50
"8402",1993-05-30,3.5,50
"8464",1993-06-06,0.9,50
"8526",1993-06-13,2.8,50
"8588",1993-06-20,2.3,50
"8650",1993-06-27,3.3,50
"8712",1993-07-04,2.6,50
"8835",1993-07-18,0.4,50
"8897",1993-07-25,1.3,50
"8959",1993-08-01,3.4,50
"9021",1993-08-08,4.1,50
"9083",1993-08-15,3.3,50
"9145",1993-08-22,0.9,50
"9207",1993-08-29,3.3,50
"9269",1993-09-05,2.8,50
"9331",1993-09-12,3.8,50
"9393",1993-09-19,3.8,50
"9455",1993-09-26,3.4,50
"9517",1993-10-03,4.6,50
"9578",1993-10-10,6.2,50
"9639",1993-10-17,5,50
"9701",1993-10-24,4.4,50
"9742",1993-10-31,6.9,50
"7922",1994-04-03,6,50
"7977",1994-04-10,5.9,50
"8035",1994-04-17,4.4,50
"8096",1994-04-24,5.6,50
"8157",1994-05-01,4.6,50
"8218",1994-05-08,3.8,50
"8280",1994-05-15,5.6,50
"8342",1994-05-22,6.3,50
"8403",1994-05-29,5.2,50
"8465",1994-06-05,5.3,50
"8527",1994-06-12,3.7,50
"8589",1994-06-19,4.9,50
"8651",1994-06-26,2.8,50
"8713",1994-07-03,5.4,50
"8774",1994-07-10,4.3,50
"8836",1994-07-17,4.1,50
"8898",1994-07-24,5.7,50
"8960",1994-07-31,6.7,50
"9022",1994-08-07,5,50
"9084",1994-08-14,4.9,50
"9146",1994-08-21,6.1,50
"9208",1994-08-28,6.3,50
"9270",1994-09-04,4.9,50
"9332",1994-09-11,4.5,50
"9394",1994-09-18,6.6,50
"9456",1994-09-25,4.9,50
"9518",1994-10-02,3.7,50
"9579",1994-10-09,4.9,50
"9640",1994-10-16,6.7,50
"9702",1994-10-23,3.8,50
"9743",1994-10-30,6.8,50
"7923",1995-04-02,0.2,50
"7978",1995-04-09,4.7,50
"8036",1995-04-16,0.4,50
"8097",1995-04-23,1,50
"8158",1995-04-30,1.8,50
"8219",1995-05-07,1.3,50
"8281",1995-05-14,1.8,50
"8343",1995-05-21,3.9,50
"8404",1995-05-28,4.8,50
"8466",1995-06-04,2.8,50
"8528",1995-06-11,2.8,50
"8590",1995-06-18,6.1,50
"8652",1995-06-25,7,50
"8714",1995-07-02,1.9,50
"8775",1995-07-09,4.2,50
"8837",1995-07-16,6.8,50
"8899",1995-07-23,4.4,50
"8961",1995-07-30,5.8,50
"9023",1995-08-06,5.1,50
"9085",1995-08-13,4.7,50
"9147",1995-08-20,4.1,50
"9209",1995-08-27,6.7,50
"9271",1995-09-03,6.5,50
"9333",1995-09-10,6.3,50
"9395",1995-09-17,6.5,50
"9457",1995-09-24,3.9,50
"9519",1995-10-01,5.6,50
"9580",1995-10-08,4.3,50
"9641",1995-10-15,5.6,50
"9703",1995-10-22,6.8,50
"9744",1995-10-29,6.3,50
"7890",1996-03-29,0.5,50
"7924",1996-04-05,2.4,50
"7979",1996-04-12,5.3,50
"8037",1996-04-19,5.2,50
"8098",1996-04-26,6.5,50
"8159",1996-05-03,3,50
"8220",1996-05-10,3,50
"8282",1996-05-17,1.3,50
"8344",1996-05-24,3.2,50
"8405",1996-05-31,1.5,50
"8467",1996-06-07,2.2,50
"8529",1996-06-14,4.3,50
"8591",1996-06-21,2,50
"8653",1996-06-28,4.8,50
"8715",1996-07-05,6.9,50
"8776",1996-07-12,6.7,50
"8838",1996-07-19,4.3,50
"8900",1996-07-26,6.2,50
"8962",1996-08-02,5.3,50
"9024",1996-08-09,4.3,50
"9086",1996-08-16,5.5,50
"9148",1996-08-23,4.7,50
"9210",1996-08-30,5.6,50
"9272",1996-09-06,7,50
"9334",1996-09-13,6,50
"9396",1996-09-20,6,50
"9458",1996-09-27,3.1,50
"9520",1996-10-04,6.4,50
"9581",1996-10-11,6.7,50
"9642",1996-10-18,6.6,50
"9704",1996-10-25,4.3,50
"9745",1996-11-01,4.8,50
"9769",1996-11-08,3.2,50
"9793",1996-11-15,5.5,50
"9817",1996-11-22,3.2,50
"7925",1997-04-04,3.2,50
"7980",1997-04-11,1.1,50
"8038",1997-04-18,2,50
"8099",1997-04-25,4.5,50
"8160",1997-05-02,4.2,50
"8221",1997-05-09,2.8,50
"8283",1997-05-16,6.6,50
"8345",1997-05-23,6.1,50
"8406",1997-05-30,1.7,50
"8468",1997-06-06,6.3,50
"8530",1997-06-13,6.1,50
"8592",1997-06-20,6.5,50
"8654",1997-06-27,3.4,50
"8716",1997-07-04,4.8,50
"8777",1997-07-11,6.3,50
"8839",1997-07-18,6.2,50
"8901",1997-07-25,4.6,50
"8963",1997-08-01,6.9,50
"9025",1997-08-08,6.9,50
"9087",1997-08-15,5.1,50
"9149",1997-08-22,5.6,50
"9211",1997-08-29,6.2,50
"9273",1997-09-05,6.5,50
"9335",1997-09-12,5.2,50
"9397",1997-09-19,5.4,50
"9459",1997-09-26,4.5,50
"9521",1997-10-03,6.9,50
"9582",1997-10-10,5.8,50
"9643",1997-10-17,4.8,50
"9705",1997-10-24,6.1,50
"9746",1997-10-31,3.2,50
"9770",1997-11-07,4.1,50
"9794",1997-11-14,5.3,50
"9818",1997-11-21,4.1,50
"7926",1998-04-05,0.1,50
"7981",1998-04-12,0.9,50
"8039",1998-04-19,0.8,50
"8100",1998-04-26,2.5,50
"8161",1998-05-03,4,50
"8222",1998-05-10,4.9,50
"8284",1998-05-17,5.7,50
"8346",1998-05-24,3.8,50
"8407",1998-05-31,3.3,50
"8469",1998-06-07,3.5,50
"8531",1998-06-14,1.5,50
"8593",1998-06-21,0.5,50
"8655",1998-06-28,2,50
"8717",1998-07-05,2.8,50
"8778",1998-07-12,4.2,50
"8840",1998-07-19,6.2,50
"8902",1998-07-26,6,50
"8964",1998-08-02,6.9,50
"9026",1998-08-09,2.7,50
"9088",1998-08-16,5.7,50
"9150",1998-08-23,5.8,50
"9212",1998-08-30,4.7,50
"9274",1998-09-06,6.7,50
"9336",1998-09-13,6.9,50
"9398",1998-09-20,6.1,50
"9460",1998-09-27,6,50
"9522",1998-10-04,6.1,50
"9583",1998-10-11,3.4,50
"9644",1998-10-18,5.7,50
"9706",1998-10-25,5,50
"9747",1998-11-01,4.5,50
"9771",1998-11-08,5.7,50
"9795",1998-11-15,2.9,50
"9819",1998-11-22,6.3,50
"9838",1998-11-29,7,50
"7927",1999-04-04,6.6,50
"7982",1999-04-11,1.8,50
"8040",1999-04-18,1.1,50
"8101",1999-04-25,1.5,50
"8162",1999-05-02,1.7,50
"8223",1999-05-09,4.3,50
"8285",1999-05-16,1.6,50
"8347",1999-05-23,1.3,50
"8408",1999-05-30,4,50
"8470",1999-06-06,3.8,50
"8532",1999-06-13,2.9,50
"8594",1999-06-20,4.3,50
"8656",1999-06-27,4.9,50
"8718",1999-07-04,4.8,50
"8779",1999-07-11,4.9,50
"8841",1999-07-18,6.6,50
"8903",1999-07-25,4.2,50
"8965",1999-08-01,6.4,50
"9027",1999-08-08,6.5,50
"9089",1999-08-15,4.9,50
"9151",1999-08-22,5.2,50
"9213",1999-08-29,5.3,50
"9275",1999-09-05,7,50
"9337",1999-09-12,6.3,50
"9399",1999-09-19,7,50
"9461",1999-09-26,6.9,50
"9523",1999-10-03,5.5,50
"9584",1999-10-10,6,50
"9645",1999-10-17,7,50
"9707",1999-10-24,7,50
"9748",1999-10-31,7,50
"9772",1999-11-07,6.8,50
"9796",1999-11-14,7,50
"9820",1999-11-21,6.7,50
"9839",1999-11-28,3.9,50
"7983",2000-04-09,6.6,50
"8041",2000-04-16,5.3,50
"8102",2000-04-23,4.5,50
"8163",2000-04-30,6.6,50
"8224",2000-05-07,7,50
"8286",2000-05-14,5,50
"8348",2000-05-21,5.8,50
"8409",2000-05-28,6,50
"8471",2000-06-04,2,50
"8533",2000-06-11,5.3,50
"8595",2000-06-18,2.6,50
"8657",2000-06-25,5.4,50
"8719",2000-07-02,3.2,50
"8780",2000-07-09,3.6,50
"8842",2000-07-16,3.7,50
"8904",2000-07-23,6,50
"8966",2000-07-30,5.1,50
"9028",2000-08-06,6.8,50
"9090",2000-08-13,5.1,50
"9152",2000-08-20,5.3,50
"9214",2000-08-27,5.3,50
"9276",2000-09-03,6.7,50
"9338",2000-09-10,6.8,50
"9400",2000-09-17,6.8,50
"9462",2000-09-24,5.5,50
"9524",2000-10-01,6.4,50
"9585",2000-10-08,5.9,50
"9646",2000-10-15,6.9,50
"9708",2000-10-22,6.7,50
"9749",2000-10-29,4.9,50
"9773",2000-11-05,5,50
"9797",2000-11-12,3.2,50
"9821",2000-11-19,4.9,50
"7928",2001-04-08,0.1,50
"7984",2001-04-15,0.5,50
"8042",2001-04-22,4,50
"8103",2001-04-29,5.1,50
"8164",2001-05-06,3.8,50
"8225",2001-05-13,2,50
"8287",2001-05-20,4.8,50
"8349",2001-05-27,0.9,50
"8410",2001-06-03,1.8,50
"8472",2001-06-10,3.1,50
"8534",2001-06-17,3.2,50
"8596",2001-06-24,5.4,50
"8658",2001-07-01,6.6,50
"8720",2001-07-08,6.5,50
"8781",2001-07-15,6.9,50
"8843",2001-07-22,5.3,50
"8905",2001-07-29,4.6,50
"8967",2001-08-05,5.3,50
"9029",2001-08-12,6.7,50
"9091",2001-08-19,4.9,50
"9153",2001-08-26,4.9,50
"9215",2001-09-02,6.4,50
"9277",2001-09-09,3.7,50
"9339",2001-09-16,4,50
"9401",2001-09-23,4.1,50
"9463",2001-09-30,6.7,50
"9525",2001-10-07,5.6,50
"9586",2001-10-14,5,50
"9647",2001-10-21,6.1,50
"9709",2001-10-28,4.8,50
"9750",2001-11-04,6.5,50
"9774",2001-11-11,6.5,50
"9798",2001-11-18,6.8,50
"7929",2002-04-07,4.4,50
"7985",2002-04-14,4.3,50
"8043",2002-04-21,5.4,50
"8104",2002-04-28,4,50
"8165",2002-05-05,2.7,50
"8226",2002-05-12,4.4,50
"8288",2002-05-19,3.1,50
"8350",2002-05-26,4.8,50
"8411",2002-06-02,5.3,50
"8473",2002-06-09,4.7,50
"8535",2002-06-16,3.7,50
"8597",2002-06-23,6.4,50
"8659",2002-06-30,6.8,50
"8721",2002-07-07,5.7,50
"8782",2002-07-14,2.5,50
"8844",2002-07-21,6.7,50
"8906",2002-07-28,5.4,50
"8968",2002-08-04,5.8,50
"9030",2002-08-11,5,50
"9092",2002-08-18,4.2,50
"9154",2002-08-25,3.6,50
"9216",2002-09-01,6.7,50
"9278",2002-09-08,7,50
"9340",2002-09-15,6.5,50
"9402",2002-09-22,4.8,50
"9464",2002-09-29,5.7,50
"9526",2002-10-06,2.6,50
"9587",2002-10-13,5.7,50
"9648",2002-10-20,5.6,50
"9710",2002-10-27,3.9,50
"9751",2002-11-03,4,50
"9775",2002-11-10,4.8,50
"9799",2002-11-17,5.6,50
"9822",2002-11-24,6,50
"7930",2003-04-06,4.1,50
"7986",2003-04-13,1.8,50
"8044",2003-04-20,3.1,50
"8105",2003-04-27,4.1,50
"8166",2003-05-04,2.4,50
"8227",2003-05-11,0.1,50
"8289",2003-05-18,1.7,50
"8351",2003-05-25,5.3,50
"8412",2003-06-01,6.4,50
"8474",2003-06-08,3.2,50
"8536",2003-06-15,4.9,50
"8598",2003-06-22,6.1,50
"8660",2003-06-29,4.4,50
"8722",2003-07-06,4.8,50
"8783",2003-07-13,2.6,50
"8845",2003-07-20,5.4,50
"8907",2003-07-27,6.3,50
"8969",2003-08-03,6.4,50
"9031",2003-08-10,6.5,50
"9093",2003-08-17,6.9,50
"9155",2003-08-24,6.9,50
"9217",2003-08-31,6.7,50
"9279",2003-09-07,6.9,50
"9341",2003-09-14,5.3,50
"9403",2003-09-21,5.2,50
"9465",2003-09-28,5.9,50
"9527",2003-10-05,6.8,50
"9588",2003-10-12,6.2,50
"9649",2003-10-19,5.8,50
"9711",2003-10-26,6.6,50
"9752",2003-11-02,6.3,50
"9776",2003-11-09,3.9,50
"9800",2003-11-16,5.4,50
"9823",2003-11-23,4.5,50
"7931",2004-04-04,2.8,50
"7987",2004-04-11,6.5,50
"8045",2004-04-18,6.2,50
"8106",2004-04-25,2.8,50
"8167",2004-05-02,5,50
"8228",2004-05-09,6.1,50
"8290",2004-05-16,3.5,50
"8352",2004-05-23,3.2,50
"8413",2004-05-30,0.6,50
"8475",2004-06-06,4.2,50
"8537",2004-06-13,3.6,50
"8599",2004-06-20,3.6,50
"8661",2004-06-27,4.1,50
"8723",2004-07-04,4.7,50
"8784",2004-07-11,3.4,50
"8846",2004-07-18,5.2,50
"8908",2004-07-25,5.5,50
"8970",2004-08-01,5.1,50
"9032",2004-08-08,4.1,50
"9094",2004-08-15,6.3,50
"9156",2004-08-22,4.5,50
"9218",2004-08-29,4.2,50
"9280",2004-09-05,6.2,50
"9342",2004-09-12,6.1,50
"9404",2004-09-19,5.4,50
"9466",2004-09-26,6.3,50
"9528",2004-10-03,5.5,50
"9589",2004-10-10,5.8,50
"9650",2004-10-17,5.8,50
"9712",2004-10-24,5.1,50
"9753",2004-10-31,3.5,50
"9777",2004-11-07,4.2,50
"9801",2004-11-14,5.9,50
"9824",2004-11-21,3.8,50
"9840",2004-11-28,3.8,50
"7932",2005-04-03,4.6,50
"7988",2005-04-10,5.7,50
"8046",2005-04-17,3.4,50
"8107",2005-04-24,2.3,50
"8168",2005-05-01,4.8,50
"8229",2005-05-08,6,50
"8291",2005-05-15,2,50
"8353",2005-05-22,3.3,50
"8414",2005-05-29,5.6,50
"8476",2005-06-05,5.8,50
"8538",2005-06-12,4.3,50
"8600",2005-06-19,5.7,50
"8662",2005-06-26,5.6,50
"8724",2005-07-03,3.5,50
"8785",2005-07-10,5.8,50
"8847",2005-07-17,6.9,50
"8909",2005-07-24,5,50
"8971",2005-07-31,4.2,50
"9033",2005-08-07,5.5,50
"9095",2005-08-14,4,50
"9157",2005-08-21,5.6,50
"9219",2005-08-28,5.3,50
"9281",2005-09-04,6.7,50
"9343",2005-09-11,5.8,50
"9405",2005-09-18,6.1,50
"9467",2005-09-25,5.8,50
"9529",2005-10-02,4.4,50
"9590",2005-10-09,5.8,50
"9651",2005-10-16,5.9,50
"9713",2005-10-23,6.1,50
"9754",2005-10-30,6.5,50
"9778",2005-11-06,6.7,50
"9802",2005-11-13,6.2,50
"9825",2005-11-20,3,50
"9841",2005-11-27,5.4,50
"7933",2006-04-02,1,50
"7989",2006-04-09,2.3,50
"8047",2006-04-16,4.9,50
"8108",2006-04-23,5.4,50
"8169",2006-04-30,4.4,50
"8230",2006-05-07,2.8,50
"8292",2006-05-14,3.8,50
"8354",2006-05-21,4.6,50
"8415",2006-05-28,4.8,50
"8477",2006-06-04,5.8,50
"8539",2006-06-11,6.1,50
"8601",2006-06-18,6.4,50
"8663",2006-06-25,5.4,50
"8725",2006-07-02,5.8,50
"8786",2006-07-09,6.6,50
"8848",2006-07-16,4.7,50
"8910",2006-07-23,6.1,50
"8972",2006-08-06,5.6,50
"9034",2006-08-13,3.9,50
"9096",2006-08-20,4.3,50
"9158",2006-08-27,5.8,50
"9220",2006-09-03,4.9,50
"9282",2006-09-10,4.9,50
"9344",2006-09-17,3,50
"9406",2006-09-24,3.2,50
"9468",2006-10-01,5.5,50
"9530",2006-10-08,6.7,50
"9591",2006-10-15,6,50
"9652",2006-10-22,3.5,50
"9714",2006-10-29,4.1,50
"9755",2006-11-05,6.2,50
"9779",2006-11-12,4.8,50
"9803",2006-11-19,4.9,50
"7891",2007-04-01,1,50
"7934",2007-04-08,0.7,50
"7990",2007-04-15,0.8,50
"8048",2007-04-22,4.4,50
"8109",2007-04-29,0.4,50
"8170",2007-05-06,2.9,50
"8231",2007-05-13,2.9,50
"8293",2007-05-20,5.9,50
"8355",2007-05-27,3.5,50
"8416",2007-06-03,2.2,50
"8478",2007-06-10,3.9,50
"8540",2007-06-17,6.8,50
"8602",2007-06-24,4.5,50
"8664",2007-07-01,6.4,50
"8726",2007-07-08,6.9,50
"8787",2007-07-15,6.9,50
"8849",2007-07-22,4.9,50
"8911",2007-07-29,4.6,50
"8973",2007-08-05,5.6,50
"9035",2007-08-12,4.5,50
"9097",2007-08-19,4.7,50
"9159",2007-08-26,0.9,50
"9221",2007-09-02,4.2,50
"9283",2007-09-09,5,50
"9345",2007-09-16,5.6,50
"9407",2007-09-23,5,50
"9469",2007-09-30,5.6,50
"9531",2007-10-07,4.1,50
"9592",2007-10-14,4.3,50
"9653",2007-10-21,1.1,50
"9715",2007-10-28,6.1,50
"9756",2007-11-04,6.8,50
"9780",2007-11-11,7,50
"9804",2007-11-18,6.8,50
"9826",2007-11-25,5.2,50
"7935",2008-04-06,0.4,50
"7991",2008-04-13,0.3,50
"8049",2008-04-20,1.3,50
"8110",2008-04-27,0.6,50
"8171",2008-05-04,2.5,50
"8232",2008-05-11,2.8,50
"8294",2008-05-18,5.2,50
"8356",2008-05-25,4.9,50
"8417",2008-06-01,1.8,50
"8479",2008-06-08,0.4,50
"8541",2008-06-15,0.4,50
"8603",2008-06-22,5.3,50
"8665",2008-06-29,4.4,50
"8727",2008-07-06,6,50
"8788",2008-07-13,5.5,50
"8850",2008-07-20,4,50
"8912",2008-07-27,2.7,50
"8974",2008-08-03,4.8,50
"9036",2008-08-10,6.2,50
"9098",2008-08-17,5.7,50
"9160",2008-08-24,6.3,50
"9222",2008-08-31,5.4,50
"9284",2008-09-07,5.6,50
"9346",2008-09-14,3.5,50
"9408",2008-09-21,6.2,50
"9470",2008-09-28,5.3,50
"9532",2008-10-05,6.2,50
"9593",2008-10-12,4.4,50
"9654",2008-10-19,3.3,50
"9716",2008-10-26,2.8,50
"9757",2008-11-02,6,50
"9781",2008-11-09,3.6,50
"9805",2008-11-16,2.1,50
"9827",2008-11-23,5.4,50
"9842",2008-11-30,5.6,50
"7936",2009-04-05,2.3,50
"7992",2009-04-12,2.9,50
"8050",2009-04-19,4.5,50
"8111",2009-04-26,5.3,50
"8172",2009-05-03,0.5,50
"8233",2009-05-10,3.3,50
"8295",2009-05-17,2.8,50
"8357",2009-05-24,5.5,50
"8418",2009-05-31,2.8,50
"8480",2009-06-07,4.3,50
"8542",2009-06-14,3.2,50
"8604",2009-06-21,2,50
"8666",2009-06-28,3.3,50
"8728",2009-07-05,5.2,50
"8789",2009-07-12,2.3,50
"8851",2009-07-19,5.2,50
"8913",2009-07-26,5.7,50
"8975",2009-08-02,6.8,50
"9037",2009-08-09,5.6,50
"9099",2009-08-16,4.6,50
"9161",2009-08-23,3.5,50
"9223",2009-08-30,3.2,50
"9285",2009-09-06,6.5,50
"9347",2009-09-13,7,50
"9409",2009-09-20,7,50
"9471",2009-09-27,3.2,50
"9533",2009-10-04,3,50
"9594",2009-10-11,2.7,50
"9655",2009-10-18,2.2,50
"9717",2009-10-25,2.2,50
"9758",2009-11-01,2.4,50
"9782",2009-11-08,6.1,50
"9806",2009-11-15,6.7,50
"9828",2009-11-22,6.1,50
"9843",2009-11-29,4.2,50
"9848",2009-12-06,5.5,50
"9849",2009-12-13,1,50
"7937",2010-04-04,4.1,50
"7993",2010-04-11,2.3,50
"8051",2010-04-18,5.9,50
"8112",2010-04-25,5,50
"8173",2010-05-02,2.6,50
"8234",2010-05-09,4.7,50
"8296",2010-05-16,1.5,50
"8358",2010-05-23,4.4,50
"8419",2010-05-30,5.6,50
"8481",2010-06-06,4.1,50
"8543",2010-06-13,1.4,50
"8605",2010-06-20,0.9,50
"8667",2010-06-27,1.6,50
"8729",2010-07-04,4,50
"8790",2010-07-11,3.1,50
"8852",2010-07-18,4.2,50
"8914",2010-07-25,2.3,50
"8976",2010-08-01,3.3,50
"9038",2010-08-08,3.6,50
"9100",2010-08-15,1.9,50
"9162",2010-08-22,4.8,50
"9224",2010-08-29,6.6,50
"9286",2010-09-05,4.7,50
"9348",2010-09-12,5.9,50
"9410",2010-09-19,4.9,50
"9472",2010-09-26,1.9,50
"9534",2010-10-03,6.7,50
"9595",2010-10-10,7,50
"9656",2010-10-17,7,50
"9718",2010-10-24,6.5,50
"9759",2010-10-31,5.7,50
"9783",2010-11-07,6.9,50
"9807",2010-11-14,4.6,50
"9829",2010-11-21,4,50
"7938",2011-04-03,2,50
"7994",2011-04-10,4.4,50
"8052",2011-04-17,3.9,50
"8113",2011-04-24,0.3,50
"8174",2011-05-01,1.5,50
"8235",2011-05-08,6.6,50
"8297",2011-05-15,4.3,50
"8359",2011-05-22,4.3,50
"8420",2011-05-29,2.2,50
"8482",2011-06-05,4.7,50
"8544",2011-06-12,3.7,50
"8606",2011-06-19,3.6,50
"8668",2011-06-26,1.9,50
"8730",2011-07-03,4.8,50
"8791",2011-07-10,5.6,50
"8853",2011-07-17,5.3,50
"8915",2011-07-24,4.9,50
"8977",2011-07-31,5.6,50
"9039",2011-08-07,6,50
"9101",2011-08-14,6.6,50
"9163",2011-08-21,6.6,50
"9225",2011-09-04,4.5,50
"9287",2011-09-11,6.5,50
"9349",2011-09-18,5.6,50
"9411",2011-09-25,6.5,50
"9473",2011-10-02,5.9,50
"9535",2011-10-09,7,50
"9596",2011-10-16,5.4,50
"9657",2011-10-23,6.9,50
"9719",2011-10-30,7,50
"9760",2011-11-06,5.2,50
"9784",2011-11-13,3.9,50
"9808",2011-11-20,6.6,50
"9830",2011-11-27,6,50
"7892",2012-04-01,4.3,50
"7939",2012-04-08,5.9,50
"7995",2012-04-15,4.4,50
"8053",2012-04-22,1.1,50
"8114",2012-04-29,4.1,50
"8175",2012-05-06,1.6,50
"8236",2012-05-13,5.3,50
"8298",2012-05-20,6.9,50
"8360",2012-05-27,5.9,50
"8421",2012-06-03,5.7,50
"8483",2012-06-10,6.9,50
"8545",2012-06-17,5.6,50
"8607",2012-06-24,5.7,50
"8669",2012-07-01,6.5,50
"8731",2012-07-08,6.8,50
"8792",2012-07-15,6.5,50
"8854",2012-07-22,6.9,50
"8916",2012-07-29,6.2,50
"8978",2012-08-05,6,50
"9040",2012-08-12,5.4,50
"9102",2012-08-19,6,50
"9164",2012-08-26,5.8,50
"9226",2012-09-02,6.4,50
"9288",2012-09-09,5.8,50
"9350",2012-09-16,6,50
"9412",2012-09-23,6.5,50
"9474",2012-10-07,6.9,50
"9536",2012-10-14,5.9,50
"9597",2012-10-21,4.4,50
"9658",2012-10-28,3.9,50
"9720",2012-11-04,6.1,50
"9761",2012-11-11,5.5,50
"9785",2012-11-18,6,50
"9809",2012-11-25,6.6,50
"7940",2013-04-07,2.4,50
"7996",2013-04-14,0.9,50
"8054",2013-04-21,0.2,50
"8115",2013-04-28,2.1,50
"8176",2013-05-05,2.3,50
"8237",2013-05-12,1,50
"8299",2013-05-19,5.7,50
"8361",2013-05-26,1.7,50
"8422",2013-06-02,0.2,50
"8484",2013-06-09,1.3,50
"8546",2013-06-16,2.9,50
"8608",2013-06-23,4.9,50
"8670",2013-06-30,4.2,50
"8732",2013-07-07,6.5,50
"8793",2013-07-14,6.7,50
"8855",2013-07-21,6.8,50
"8917",2013-07-28,6,50
"8979",2013-08-04,5.8,50
"9041",2013-08-11,6.5,50
"9103",2013-08-18,6.6,50
"9165",2013-08-25,6.8,50
"9227",2013-09-01,6.9,50
"9289",2013-09-08,7,50
"9351",2013-09-15,6.8,50
"9413",2013-09-22,4.8,50
"9475",2013-09-29,6,50
"9659",2013-10-20,5.3,50
"9721",2013-10-27,4.2,50
"9762",2013-11-03,5.5,50
"9786",2013-11-10,3.9,50
"9810",2013-11-17,4.9,50
"9831",2013-11-24,4.2,50
"7941",2014-04-06,0.8,50
"7997",2014-04-13,3.8,50
"8055",2014-04-20,2.9,50
"8116",2014-04-27,3.2,50
"8177",2014-05-04,0.8,50
"8238",2014-05-11,4.9,50
"8300",2014-05-18,2.5,50
"8362",2014-05-25,4.9,50
"8423",2014-06-01,4.6,50
"8485",2014-06-08,4,50
"8547",2014-06-15,5.8,50
"8609",2014-06-22,2,50
"8671",2014-06-29,1.7,50
"8733",2014-07-06,1.4,50
"8794",2014-07-13,3.6,50
"8856",2014-07-20,6.3,50
"8918",2014-07-27,5.4,50
"8980",2014-08-03,6.5,50
"9042",2014-08-10,4.4,50
"9104",2014-08-17,5.5,50
"9166",2014-08-24,4.7,50
"9228",2014-08-31,1.7,50
"9290",2014-09-07,2.9,50
"9352",2014-09-14,2.3,50
"9414",2014-09-21,4.8,50
"9476",2014-09-28,4.7,50
"9537",2014-10-05,3.2,50
"9598",2014-10-12,5,50
"9660",2014-10-19,3.6,50
"9722",2014-10-26,4.6,50
"9763",2014-11-02,6.1,50
"9787",2014-11-09,6.6,50
"9811",2014-11-16,4.6,50
"9832",2014-11-23,3.5,50
"7942",2015-04-05,4.2,50
"7998",2015-04-12,2.6,50
"8056",2015-04-19,5.1,50
"8117",2015-04-26,1.9,50
"8178",2015-05-03,6.1,50
"8239",2015-05-10,3.3,50
"8301",2015-05-17,2.8,50
"8363",2015-05-24,3.6,50
"8424",2015-05-31,2.1,50
"8486",2015-06-07,4.8,50
"8548",2015-06-14,3.4,50
"8610",2015-06-21,3.9,50
"8672",2015-06-28,2.3,50
"8734",2015-07-05,4.5,50
"8795",2015-07-12,4.6,50
"8857",2015-07-19,4.8,50
"8919",2015-07-26,4.8,50
"8981",2015-08-02,4.7,50
"9043",2015-08-09,5.3,50
"9105",2015-08-16,5.3,50
"9167",2015-08-23,4.1,50
"9229",2015-08-30,4,50
"9291",2015-09-06,4,50
"9353",2015-09-13,5.3,50
"9415",2015-09-20,4.5,50
"9477",2015-09-27,5.3,50
"9538",2015-10-04,5.5,50
"9599",2015-10-11,6.6,50
"9661",2015-10-18,6.8,50
"9723",2015-10-25,5.2,50
"9764",2015-11-01,3.6,50
"9788",2015-11-08,5.4,50
"9812",2015-11-15,4.8,50
"9833",2015-11-22,3.5,50
"9844",2015-11-29,2.3,50
"7943",2016-04-03,3.1,50
"7999",2016-04-10,3.5,50
"8057",2016-04-17,6.2,50
"8118",2016-04-24,4.5,50
"8179",2016-05-01,2.5,50
"8240",2016-05-08,4.2,50
"8302",2016-05-15,2.7,50
"8364",2016-05-22,6.1,50
"8425",2016-05-29,2.8,50
"8487",2016-06-05,5.2,50
"8549",2016-06-12,6.1,50
"8611",2016-06-19,5.9,50
"8673",2016-06-26,6.2,50
"8735",2016-07-03,5.3,50
"8796",2016-07-10,4.9,50
"8858",2016-07-17,4.5,50
"8920",2016-07-24,3.5,50
"8982",2016-07-31,5.6,50
"9044",2016-08-07,5,50
"9106",2016-08-14,3.6,50
"9168",2016-08-21,4.6,50
"9230",2016-08-28,4.4,50
"9292",2016-09-04,5.7,50
"9354",2016-09-11,4.5,50
"9416",2016-09-18,3.8,50
"9478",2016-09-25,3.1,50
"9539",2016-10-02,5,50
"9600",2016-10-09,5.4,50
"9662",2016-10-16,5.5,50
"9724",2016-10-23,6.3,50
"9765",2016-10-30,5.7,50
"9789",2016-11-06,6.2,50
"9813",2016-11-13,6.6,50
"9834",2016-11-20,6.3,50
"9845",2016-11-27,5,50
"7944",2017-04-02,1.1,50
"8000",2017-04-09,1.2,50
"8058",2017-04-16,3.2,50
"8119",2017-04-23,3.5,50
"8180",2017-04-30,3.2,50
"8241",2017-05-07,4,50
"8303",2017-05-14,4.6,50
"8365",2017-05-21,2.2,50
"8426",2017-05-28,1.9,50
"8488",2017-06-04,5.5,50
"8550",2017-06-11,6.7,50
"8612",2017-06-18,4.9,50
"8674",2017-06-25,4.9,50
"8736",2017-07-02,4.1,50
"8797",2017-07-09,6.3,50
"8859",2017-07-16,6.2,50
"8921",2017-07-23,5.4,50
"8983",2017-07-30,6.1,50
"9045",2017-08-06,5.8,50
"9107",2017-08-13,6.3,50
"9169",2017-08-20,3.8,50
"9231",2017-08-27,4.5,50
"9293",2017-09-03,6.3,50
"9355",2017-09-10,6.8,50
"9417",2017-09-17,6.4,50
"9479",2017-09-24,5.7,50
"9540",2017-10-01,5.2,50
"9601",2017-10-08,3.2,50
"9663",2017-10-15,2.1,50
"9725",2017-10-22,5.1,50
"9766",2017-10-29,5.3,50
"9790",2017-11-05,5.9,50
"9814",2017-11-12,6.1,50
"9835",2017-11-19,5.9,50
"9846",2017-11-26,6.7,50
"7945",2018-04-01,0.7,50
"8001",2018-04-08,0.8,50
"8059",2018-04-15,1,50
"8120",2018-04-22,1.5,50
"8181",2018-04-29,5.4,50
"8242",2018-05-06,2.7,50
"8304",2018-05-13,4.5,50
"8366",2018-05-20,4.7,50
"8427",2018-05-27,5.1,50
"8489",2018-06-03,5.4,50
"8551",2018-06-10,5,50
"8613",2018-06-17,4.3,50
"8675",2018-06-24,2.2,50
"8737",2018-07-01,3,50
"8798",2018-07-08,4.6,50
"8860",2018-07-15,5.6,50
"8922",2018-07-22,5.3,50
"8984",2018-07-29,6.3,50
"9046",2018-08-05,6.2,50
"9108",2018-08-12,5.2,50
"9170",2018-08-19,5.1,50
"9232",2018-08-26,3.9,50
"9294",2018-09-02,1.6,50
"9356",2018-09-09,1.1,50
"9418",2018-09-16,6.4,50
"9480",2018-09-23,3.1,50
"9541",2018-09-30,2.6,50
"9602",2018-10-07,1.2,50
"9664",2018-10-14,1.5,50
"9726",2018-10-21,4.9,50
"9767",2018-10-28,6.3,50
"9791",2018-11-04,5.4,50
"9815",2018-11-11,3.8,50
"9836",2018-11-18,5.1,50
"9847",2018-11-25,4.2,50
"7946",2019-03-31,0.4,50
"8002",2019-04-07,0.8,50
"8060",2019-04-14,2.1,50
"8121",2019-04-21,4.7,50
"8182",2019-04-28,5.4,50
"8243",2019-05-05,3.3,50
"8305",2019-05-12,2.2,50
"8367",2019-05-19,2.4,50
"8428",2019-05-26,0.7,50
"8490",2019-06-02,1.7,50
"8552",2019-06-09,5.4,50
"8614",2019-06-16,5.3,50
"8676",2019-06-23,2.7,50
"8738",2019-06-30,4.2,50
"8799",2019-07-07,4.3,50
"8861",2019-07-14,6.3,50
"8923",2019-07-21,5.1,50
"8985",2019-07-28,6.4,50
"9047",2019-08-04,6.7,50
"9109",2019-08-11,6.2,50
"9171",2019-08-18,5.9,50
"9233",2019-08-25,4.9,50
"9295",2019-09-01,5.7,50
"9357",2019-09-08,5.8,50
"9419",2019-09-15,3.5,50
"9481",2019-09-22,3,50
"9542",2019-09-29,2.6,50
"9603",2019-10-06,1,50
"9665",2019-10-13,2.6,50
"9727",2019-10-20,5.1,50
"9768",2019-10-27,3.8,50
"9792",2019-11-03,4.6,50
"9816",2019-11-10,5.2,50
"9837",2019-11-17,3.8,50
"5",2020-04-05,3.1,50
"14",2020-04-12,5.1,50
"23",2020-04-19,3.1,50
"32",2020-04-26,5.2,50
"41",2020-05-03,6.4,50
"50",2020-05-10,4.7,50
"59",2020-05-17,4.3,50
"68",2020-05-24,3,50
"77",2020-05-31,2.9,50
"86",2020-06-07,5.2,50
"95",2020-06-14,4.1,50
"104",2020-06-21,4.8,50
"113",2020-06-28,3.9,50
"122",2020-07-05,6.4,50
"131",2020-07-12,6.2,50
"140",2020-07-19,5.6,50
"149",2020-07-26,6.3,50
"158",2020-08-02,6.3,50
"167",2020-08-09,6.4,50
"176",2020-08-16,4.8,50
"185",2020-08-23,6,50
"194",2020-08-30,6.9,50
"203",2020-09-06,6.8,50
"212",2020-09-13,0.9,50
"221",2020-09-20,6.2,50
"230",2020-09-27,6.5,50
"239",2020-10-04,5.6,50
"248",2020-10-11,6.5,50
"257",2020-10-18,6.4,50
"266",2020-10-25,3.6,50
"275",2020-11-01,5.5,50
"284",2020-11-08,6.8,50
"293",2020-11-15,5.2,50
"302",2020-11-22,6.4,50
"311",2020-11-29,5.1,50
